gi_2180566477	ncbi	Streptococcus_catagoni			NR_174317.1	"strain 99-1/2017 16S ribosomal RNA, partial sequence"
gi_1953646701	ncbi	Streptococcus_chenjunshii			NR_171502.1	"strain Z15 16S ribosomal RNA, partial sequence"
gi_1953646512	ncbi	Streptococcus_chenjunshii			NR_171408.1	"strain Z15 16S ribosomal RNA, partial sequence"
gi_1953646511	ncbi	Streptococcus_chenjunshii			NR_171407.1	"strain Z15 16S ribosomal RNA, partial sequence"
gi_1811131565	ncbi	Streptococcus_periodonticum			NR_165747.1	"strain ChDC F135 16S ribosomal RNA, partial sequence"
gi_1811131562	ncbi	Streptococcus_gwangjuense			NR_165744.1	"strain ChDC B345 16S ribosomal RNA, partial sequence"
gi_1811131559	ncbi	Streptococcus_chosunense			NR_165741.1	"strain ChDC B353 16S ribosomal RNA, partial sequence"
gi_1811131555	ncbi	Streptococcus_koreensis			NR_165737.1	"strain KCOM 2890 16S ribosomal RNA, partial sequence"
gi_1491516030	ncbi	Streptococcus_azizii			NR_159228.1	"strain 12-5202 16S ribosomal RNA, partial sequence"
gi_1491509609	ncbi	Streptococcus_ovuberis			NR_159140.1	"strain VB15-00779 16S ribosomal RNA, partial sequence"
gi_1445136024	ncbi	Streptococcus_ruminantium			NR_158064.1	"strain GUT-187 16S ribosomal RNA, partial sequence"
gi_1397641793	ncbi	Streptococcus_caviae			NR_156902.1	"strain Cavy grass 6 16S ribosomal RNA, partial sequence"
gi_1384992323	ncbi	Streptococcus_himalayensis			NR_156072.1	"strain HTS2 16S ribosomal RNA, partial sequence"
gi_1315204009	ncbi	Streptococcus_marmotae			NR_152678.1	"strain HTS5 16S ribosomal RNA, partial sequence"
gi_1277396350	ncbi	Streptococcus_halotolerans			NR_152063.1	"strain HTS9 16S ribosomal RNA, partial sequence"
gi_1277396343	ncbi	Streptococcus_dentiloxodontae			NR_152054.1	"strain NUM2404 16S ribosomal RNA, partial sequence"
gi_1277396266	ncbi	Streptococcus_pantholopis			NR_151977.1	"strain TA 26 16S ribosomal RNA, partial sequence"
gi_1227086052	ncbi	Streptococcus_oricebi			NR_148589.1	"strain M8 16S ribosomal RNA, partial sequence"
gi_1199303385	ncbi	Streptococcus_caprae			NR_147736.1	"strain DICM07-02790-1C 16S ribosomal RNA, partial sequence"
gi_1146059218	ncbi	Streptococcus_panodentis			NR_145950.1	"strain TKU50 16S ribosomal RNA, partial sequence"
gi_1033657129	ncbi	Streptococcus_pharyngis			NR_137219.1	"strain DICM10-00796B 16S ribosomal RNA, partial sequence"
gi_961555221	ncbi	Streptococcus_cuniculi			NR_134190.1	"strain : NED12-00049-6B 16S ribosomal RNA, partial sequence"
gi_959495018	ncbi	Streptococcus_phocae			NR_133868.1	"subsp. salmonis strain C-4 16S ribosomal RNA, partial sequence"
gi_699005309	ncbi	Streptococcus_saliviloxodontae			NR_126178.1	"strain NUM 6306 16S ribosomal RNA, partial sequence"
gi_699005308	ncbi	Streptococcus_loxodontisalivarius			NR_126177.1	"strain NUM 6304 16S ribosomal RNA, partial sequence"
gi_645322121	ncbi	Streptococcus_alactolyticus			NR_118941.1	"strain NCDO 1091 16S ribosomal RNA, partial sequence"
gi_645321326	ncbi	Streptococcus_constellatus			NR_118319.1	"subsp. viborgensis SK1359 16S ribosomal RNA, partial sequence"
gi_645321325	ncbi	Streptococcus_constellatus			NR_118318.1	"subsp. pharyngis SK1060 = CCUG 46377 16S ribosomal RNA, partial sequence"
gi_645321286	ncbi	Streptococcus_anginosus			NR_118289.1	"16S ribosomal RNA, partial sequence"
gi_645320869	ncbi	Streptococcus_hongkongensis			NR_117974.1	"strain HKU30 16S ribosomal RNA, partial sequence"
gi_645320150	ncbi	Streptococcus_lactarius			NR_117425.1	"strain MV1 16S ribosomal RNA, partial sequence"
gi_645320084	ncbi	Streptococcus_danieliae			NR_117375.1	"strain ERD01G 16S ribosomal RNA, partial sequence"
gi_636559030	ncbi	Streptococcus_porci			NR_115087.1	"strain 2923-03 16S ribosomal RNA, partial sequence"
gi_636558795	ncbi	Streptococcus_ferus			NR_114852.1	"strain 8S1 16S ribosomal RNA, partial sequence"
gi_631252375	ncbi	Streptococcus_troglodytae			NR_113573.1	"strain TKU 31 16S ribosomal RNA, partial sequence"
gi_631252363	ncbi	Streptococcus_dentasini			NR_113561.1	"strain NUM 1808 16S ribosomal RNA, partial sequence"
gi_631252362	ncbi	Streptococcus_orisasini			NR_113560.1	"strain NUM 1801 16S ribosomal RNA, partial sequence"
gi_631251762	ncbi	Streptococcus_fryi			NR_112960.1	"strain PAGU 653 16S ribosomal RNA, partial sequence"
gi_631251721	ncbi	Streptococcus_ursoris			NR_112919.1	"strain NUM 1615 16S ribosomal RNA, partial sequence"
gi_631251633	ncbi	Streptococcus_dentapri			NR_112831.1	"strain NUM 1529 16S ribosomal RNA, partial sequence"
gi_566084933	ncbi	Streptococcus_porcorum			NR_108477.1	"strain 682/03 16S ribosomal RNA, partial sequence"
gi_526641946	ncbi	Streptococcus_cristatus			NR_103943.1	"AS 1.3089 16S ribosomal RNA, partial sequence"
gi_343206312	ncbi	Streptococcus_gallolyticus			NR_044904.1	"strain ACM 3611 16S ribosomal RNA, partial sequence"
gi_343203761	ncbi	Streptococcus_pseudoporcinus			NR_043704.1	"LQ 940-04 16S ribosomal RNA, partial sequence"
gi_343202506	ncbi	Streptococcus_constellatus			NR_042833.1	"subsp. pharyngis strain MM9889a 16S ribosomal RNA, partial sequence"
gi_343200773	ncbi	Streptococcus_dentirousetti			NR_041460.1	"strain NUM 1303 16S ribosomal RNA, partial sequence"
gi_343200368	ncbi	Streptococcus_orisuis			NR_041055.1	"strain NUM 1001 16S ribosomal RNA, partial sequence"
gi_343198966	ncbi	Streptococcus_caballi			NR_044190.1	"strain 151 16S ribosomal RNA, partial sequence"
gi_343198965	ncbi	Streptococcus_henryi			NR_044189.1	"strain 126 16S ribosomal RNA, partial sequence"
gi_343198648	ncbi	Streptococcus_massiliensis			NR_043173.1	"strain 4401825 16S ribosomal RNA, partial sequence"
gi_310975232	ncbi	Streptococcus_lutetiensis			NR_037096.1	"strain HDP90246 16S ribosomal RNA, partial sequence"
gi_224581432	ncbi	Streptococcus_pseudopneumoniae			NR_027214.1	"strain 108 16S ribosomal RNA, partial sequence"
gi_974142298	ncbi	Streptococcus_tangierensis			NR_134818.1	"strain CCMM B832 16S ribosomal RNA, partial sequence"
gi_974142297	ncbi	Streptococcus_cameli			NR_134817.1	"strain CCMM B834 16S ribosomal RNA, partial sequence"
gi_961555223	ncbi	Streptococcus_rifensis			NR_134192.1	"strain CCMM B833 16S ribosomal RNA, partial sequence"
gi_961555222	ncbi	Streptococcus_moroccensis			NR_134191.1	"strain CCMM B831 16S ribosomal RNA, partial sequence"
gi_645322192	ncbi	Streptococcus_thermophilus			NR_118998.1	"strain DSM 20617 16S ribosomal RNA, partial sequence"
gi_645322122	ncbi	Streptococcus_vestibularis			NR_118942.1	"ATCC 49124 strain NCTC 12166 16S ribosomal RNA, partial sequence"
gi_645322118	ncbi	Streptococcus_pneumoniae			NR_118939.1	"strain NCTC 7465 16S ribosomal RNA, partial sequence"
gi_645322117	ncbi	Streptococcus_intermedius			NR_118938.1	"strain NCTC 11324 16S ribosomal RNA, partial sequence"
gi_645322115	ncbi	Streptococcus_anginosus			NR_118937.1	"strain NCTC 10713 16S ribosomal RNA, partial sequence"
gi_645322114	ncbi	Streptococcus_sobrinus			NR_118935.1	"strain DSM 20742 16S ribosomal RNA, partial sequence"
gi_645322113	ncbi	Streptococcus_downei			NR_118934.1	"MFe28 16S ribosomal RNA, partial sequence"
gi_645322111	ncbi	Streptococcus_mutans			NR_118933.1	"strain NCTC 10449 16S ribosomal RNA, partial sequence"
gi_645322110	ncbi	Streptococcus_macacae			NR_118932.1	"strain NCTC 11558 16S ribosomal RNA, partial sequence"
gi_645321328	ncbi	Streptococcus_anginosus			NR_118320.1	"subsp. whileyi strain CCUG 39159 16S ribosomal RNA, partial sequence"
gi_645321306	ncbi	Streptococcus_dysgalactiae			NR_118304.1	"subsp. equisimilis strain CCUG 36637 16S ribosomal RNA, partial sequence"
gi_645321304	ncbi	Streptococcus_dysgalactiae			NR_118303.1	"strain CCUG 27301 16S ribosomal RNA, partial sequence"
gi_645321213	ncbi	Streptococcus_oralis			NR_118234.1	"subsp. tigurinus AZ_3a 16S ribosomal RNA, partial sequence"
gi_645320536	ncbi	Streptococcus_oralis			NR_117719.1	"subsp. dentisani strain 7747 16S ribosomal RNA, partial sequence"
gi_645320255	ncbi	Streptococcus_suis			NR_117504.1	"strain ATCC 43765 16S ribosomal RNA, partial sequence"
gi_645320253	ncbi	Streptococcus_agalactiae			NR_117503.1	"ATCC 13813 16S ribosomal RNA, partial sequence"
gi_645320244	ncbi	Streptococcus_pneumoniae			NR_117496.1	"strain ATCC 33400 16S ribosomal RNA, partial sequence"
gi_645320152	ncbi	Streptococcus_anginosus			NR_117426.1	"SK52 = DSM 20563 16S ribosomal RNA, partial sequence"
gi_636560153	ncbi	Streptococcus_pseudopneumoniae			NR_116213.1	"ATCC BAA-960 = CCUG 49455 16S ribosomal RNA, partial sequence"
gi_636560152	ncbi	Streptococcus_peroris			NR_116212.1	"ATCC 700780 strain CCUG 39814 16S ribosomal RNA, partial sequence"
gi_636560151	ncbi	Streptococcus_parasanguinis			NR_116211.1	"ATCC 15912 16S ribosomal RNA, partial sequence"
gi_636560150	ncbi	Streptococcus_oralis			NR_116210.1	"ATCC 35037 16S ribosomal RNA, partial sequence"
gi_636560149	ncbi	Streptococcus_cristatus			NR_116209.1	"AS 1.3089 16S ribosomal RNA, partial sequence"
gi_636560148	ncbi	Streptococcus_mutans			NR_116208.1	"strain ATCC 25175 16S ribosomal RNA, partial sequence"
gi_636560147	ncbi	Streptococcus_mitis			NR_116207.1	"strain ATCC 49456 16S ribosomal RNA, partial sequence"
gi_636560146	ncbi	Streptococcus_infantis			NR_116206.1	"ATCC 700779 strain CCUG 39817 16S ribosomal RNA, partial sequence"
gi_636560145	ncbi	Streptococcus_gordonii			NR_116205.1	"strain ATCC 10558 16S ribosomal RNA, partial sequence"
gi_636560144	ncbi	Streptococcus_cristatus			NR_116204.1	"ATCC 51100 16S ribosomal RNA, partial sequence"
gi_636559952	ncbi	Streptococcus_equi			NR_116012.1	"subsp. ruminatorum CECT 5772 strain CCUG 47520 16S ribosomal RNA, partial sequence"
gi_636559951	ncbi	Streptococcus_equi			NR_116011.1	"subsp. zooepidemicus strain ATCC 43079 16S ribosomal RNA, partial sequence"
gi_636559950	ncbi	Streptococcus_equi			NR_116010.1	"strain ATCC 33398 16S ribosomal RNA, partial sequence"
gi_636559742	ncbi	Streptococcus_ictaluri			NR_115802.1	"707-05 16S ribosomal RNA, partial sequence"
gi_636559678	ncbi	Streptococcus_urinalis			NR_115738.1	"strain 2285-97 16S ribosomal RNA, partial sequence"
gi_636559677	ncbi	Streptococcus_suis			NR_115737.1	"strain ATCC 43765 16S ribosomal RNA, partial sequence"
gi_636559676	ncbi	Streptococcus_sanguinis			NR_115736.1	"SK1 = NCTC 7863 16S ribosomal RNA, partial sequence"
gi_636559675	ncbi	Streptococcus_parasanguinis			NR_115735.1	"ATCC 15912 16S ribosomal RNA, partial sequence"
gi_636559674	ncbi	Streptococcus_oralis			NR_115734.1	"strain CCUG 24891 16S ribosomal RNA, partial sequence"
gi_636559673	ncbi	Streptococcus_mutans			NR_115733.1	"strain ATCC 25175 16S ribosomal RNA, partial sequence"
gi_636559672	ncbi	Streptococcus_mitis			NR_115732.1	"strain ATCC 49456 16S ribosomal RNA, partial sequence"
gi_636559671	ncbi	Streptococcus_iniae			NR_115731.1	"strain ATCC 29178 16S ribosomal RNA, partial sequence"
gi_636559670	ncbi	Streptococcus_didelphis			NR_115730.1	"strain ATCC 700828 16S ribosomal RNA, partial sequence"
gi_636559669	ncbi	Streptococcus_canis			NR_115729.1	"strain ATCC 43496 16S ribosomal RNA, partial sequence"
gi_636559668	ncbi	Streptococcus_agalactiae			NR_115728.1	"ATCC 13813 16S ribosomal RNA, partial sequence"
gi_636559659	ncbi	Streptococcus_lutetiensis			NR_115719.1	"strain CIP 106849 16S ribosomal RNA, partial sequence"
gi_636559501	ncbi	Streptococcus_gordonii			NR_115561.1	"strain NCTC7865 16S ribosomal RNA, partial sequence"
gi_636559500	ncbi	Streptococcus_mitis			NR_115560.1	"strain NCTC12261 16S ribosomal RNA, partial sequence"
gi_636559219	ncbi	Streptococcus_ferus			NR_115276.1	"strain ATCC 33477 16S ribosomal RNA, partial sequence"
gi_636559218	ncbi	Streptococcus_dysgalactiae			NR_115275.1	"strain ATCC 43078 16S ribosomal RNA, partial sequence"
gi_636559217	ncbi	Streptococcus_cristatus			NR_115274.1	"ATCC 51100 16S ribosomal RNA, partial sequence"
gi_636559185	ncbi	Streptococcus_gordonii			NR_115242.1	"strain ATCC 10558 16S ribosomal RNA, partial sequence"
gi_636559184	ncbi	Streptococcus_parasanguinis			NR_115241.1	"ATCC 15912 16S ribosomal RNA, partial sequence"
gi_636559183	ncbi	Streptococcus_mitis			NR_115240.1	"strain ATCC 49456 16S ribosomal RNA, partial sequence"
gi_636559182	ncbi	Streptococcus_pneumoniae			NR_115239.1	"strain ATCC 33400 16S ribosomal RNA, partial sequence"
gi_636559090	ncbi	Streptococcus_dysgalactiae			NR_115147.1	"strain ATCC 43078 16S ribosomal RNA, partial sequence"
gi_636558797	ncbi	Streptococcus_downei			NR_114854.1	"MFe28 16S ribosomal RNA, partial sequence"
gi_636558796	ncbi	Streptococcus_macacae			NR_114853.1	"strain NCTC 11558 16S ribosomal RNA, partial sequence"
gi_636558670	ncbi	Streptococcus_sobrinus			NR_114727.1	"strain NCTC 12279 16S ribosomal RNA, partial sequence"
gi_636558669	ncbi	Streptococcus_mutans			NR_114726.1	"strain NCTC 10449 16S ribosomal RNA, partial sequence"
gi_636558585	ncbi	Streptococcus_equinus			NR_114642.1	"strain NCDO 1037 16S ribosomal RNA, partial sequence"
gi_636558499	ncbi	Streptococcus_phocae			NR_114556.1	"strain 8399 H1 16S ribosomal RNA, partial sequence"
gi_636558481	ncbi	Streptococcus_australis			NR_114537.1	"ATCC 700641 strain AI1 16S ribosomal RNA, partial sequence"
gi_631253215	ncbi	Streptococcus_oralis			NR_114413.1	"ATCC 35037 16S ribosomal RNA, partial sequence"
gi_631252974	ncbi	Streptococcus_pneumoniae			NR_114172.1	"strain NBRC 102642 16S ribosomal RNA, partial sequence"
gi_631252443	ncbi	Streptococcus_mutans			NR_113641.1	"strain NBRC 13955 16S ribosomal RNA, partial sequence"
gi_631252396	ncbi	Streptococcus_equinus			NR_113594.1	"strain NBRC 12553 16S ribosomal RNA, partial sequence"
gi_631252064	ncbi	Streptococcus_agalactiae			NR_113262.1	"ATCC 13813 strain JCM 5671 16S ribosomal RNA, partial sequence"
gi_631252062	ncbi	Streptococcus_sanguinis			NR_113260.1	"strain JCM 5708 16S ribosomal RNA, partial sequence"
gi_631251508	ncbi	Streptococcus_anginosus			NR_112705.1	"SK52 = DSM 20563 16S ribosomal RNA, partial sequence"
gi_631251507	ncbi	Streptococcus_constellatus			NR_112704.1	"strain ATCC 27823 16S ribosomal RNA, partial sequence"
gi_631250891	ncbi	Streptococcus_pyogenes			NR_112088.1	"strain JCM 5674 16S ribosomal RNA, partial sequence"
gi_631250830	ncbi	Streptococcus_infantis			NR_112026.1	"ATCC 700779 strain GTC 849 16S ribosomal RNA, partial sequence"
gi_631250829	ncbi	Streptococcus_cristatus			NR_112025.1	"ATCC 51100 strain NCTC 12479 16S ribosomal RNA, partial sequence"
gi_631250799	ncbi	Streptococcus_sanguinis			NR_111994.1	"SK1 = NCTC 7863 16S ribosomal RNA, partial sequence"
gi_566085621	ncbi	Streptococcus_rubneri			NR_109720.1	"strain LMG 27207 16S ribosomal RNA, partial sequence"
gi_566085341	ncbi	Streptococcus_troglodytidis			NR_109371.1	"strain M09-11185 16S ribosomal RNA, partial sequence"
gi_566084941	ncbi	Streptococcus_rupicaprae			NR_108485.1	"strain 2777-2-07 16S ribosomal RNA, partial sequence"
gi_559795398	ncbi	Streptococcus_infantarius			NR_104991.1	"strain HDP90056 16S ribosomal RNA, partial sequence"
gi_559795379	ncbi	Streptococcus_acidominimus			NR_104972.1	"strain LMG 17755 16S ribosomal RNA, partial sequence"
gi_559795378	ncbi	Streptococcus_pluranimalium			NR_104971.1	"strain T70 16S ribosomal RNA, partial sequence"
gi_343206320	ncbi	Streptococcus_hyovaginalis			NR_044912.1	"strain SHV515 16S ribosomal RNA, partial sequence"
gi_343203751	ncbi	Streptococcus_equi			NR_043703.1	"strain ATCC 33398 16S ribosomal RNA, partial sequence"
gi_343203349	ncbi	Streptococcus_dysgalactiae			NR_043661.1	"subsp. equisimilis strain CIP 105120 16S ribosomal RNA, partial sequence"
gi_343203338	ncbi	Streptococcus_pasteurianus			NR_043660.1	"strain CIP 107122 16S ribosomal RNA, partial sequence"
gi_343202620	ncbi	Streptococcus_parauberis			NR_043001.1	"strain DSM 6631 16S ribosomal RNA, partial sequence"
gi_343202571	ncbi	Streptococcus_infantis			NR_042928.1	"ATCC 700779 16S ribosomal RNA, partial sequence"
gi_343202570	ncbi	Streptococcus_oralis			NR_042927.1	"ATCC 35037 16S ribosomal RNA, partial sequence"
gi_343202363	ncbi	Streptococcus_plurextorum			NR_042649.1	"strain 1956-02 16S ribosomal RNA, partial sequence"
gi_343202267	ncbi	Streptococcus_merionis			NR_042553.1	"strain WUE3771 16S ribosomal RNA, partial sequence"
gi_343201501	ncbi	Streptococcus_phocae			NR_042227.1	"strain CCUG 35103 16S ribosomal RNA, partial sequence"
gi_343201489	ncbi	Streptococcus_castoreus			NR_042215.1	"strain M605815/03/2 16S ribosomal RNA, partial sequence"
gi_343201393	ncbi	Streptococcus_criceti			NR_042119.1	"strain ATCC 19642 16S ribosomal RNA, partial sequence"
gi_343201325	ncbi	Streptococcus_lutetiensis			NR_042051.1	"strain NEM 782 16S ribosomal RNA, partial sequence"
gi_343201094	ncbi	Streptococcus_alactolyticus			NR_041781.1	"strain ATCC 43077 16S ribosomal RNA, partial sequence"
gi_343201093	ncbi	Streptococcus_hyointestinalis			NR_041780.1	"strain ATCC 49169 16S ribosomal RNA, partial sequence"
gi_343201034	ncbi	Streptococcus_constellatus			NR_041721.1	"strain ATCC 27823 16S ribosomal RNA, partial sequence"
gi_343200133	ncbi	Streptococcus_uberis			NR_040820.1	"strain JCM 5709 16S ribosomal RNA, partial sequence"
gi_343198522	ncbi	Streptococcus_thermophilus			NR_042778.1	"strain ATCC 19258 16S ribosomal RNA, partial sequence"
gi_343198521	ncbi	Streptococcus_vestibularis			NR_042777.1	"ATCC 49124 16S ribosomal RNA, partial sequence"
gi_343198520	ncbi	Streptococcus_salivarius			NR_042776.1	"strain ATCC 7073 16S ribosomal RNA, partial sequence"
gi_343198519	ncbi	Streptococcus_macacae			NR_042775.1	"NCTC 11558 strain ATCC 35911 16S ribosomal RNA, partial sequence"
gi_343198518	ncbi	Streptococcus_downei			NR_042774.1	"MFe28 16S ribosomal RNA, partial sequence"
gi_343198517	ncbi	Streptococcus_sobrinus			NR_042773.1	"strain ATCC 33478 16S ribosomal RNA, partial sequence"
gi_343198516	ncbi	Streptococcus_mutans			NR_042772.1	"strain ATCC 25175 16S ribosomal RNA, partial sequence"
gi_343198515	ncbi	Streptococcus_cristatus			NR_042771.1	"ATCC 51100 16S ribosomal RNA, partial sequence"
gi_310975138	ncbi	Streptococcus_macedonicus			NR_037002.1	"strain LAB617 16S ribosomal RNA, partial sequence"
gi_310975054	ncbi	Streptococcus_suis			NR_036918.1	"strain S735 16S ribosomal RNA, partial sequence"
gi_310974981	ncbi	Streptococcus_ferus			NR_036845.1	"strain 8S1 16S ribosomal RNA, partial sequence"
gi_310974896	ncbi	Streptococcus_equi			NR_036758.1	"subsp. zooepidemicus strain ATCC 43079 16S ribosomal RNA, partial sequence"
gi_265678747	ncbi	Streptococcus_cristatus			NR_029052.1	"strain 2-4 16S ribosomal RNA, partial sequence"
gi_265678720	ncbi	Streptococcus_halichoeri			NR_029025.1	"strain M512/02/1 16S ribosomal RNA, partial sequence"
gi_265678710	ncbi	Streptococcus_devriesei			NR_029015.1	"strain CCUG 47155 16S ribosomal RNA, partial sequence"
gi_265678529	ncbi	Streptococcus_sinensis			NR_028833.1	"strain HKU4 16S ribosomal RNA, partial sequence"
gi_265678434	ncbi	Streptococcus_intermedius			NR_028736.1	"strain 1877 16S ribosomal RNA, partial sequence"
gi_265678364	ncbi	Streptococcus_gordonii			NR_028666.1	"strain SK3 16S ribosomal RNA, partial sequence"
gi_265678363	ncbi	Streptococcus_pneumoniae			NR_028665.1	"strain ATCC 33400 16S ribosomal RNA, partial sequence"
gi_265678362	ncbi	Streptococcus_mitis			NR_028664.1	"strain NS51 16S ribosomal RNA, partial sequence"
gi_265678297	ncbi	Streptococcus_pyogenes			NR_028598.1	"strain I-273 16S ribosomal RNA, partial sequence"
gi_228715345	ncbi	Streptococcus_dysgalactiae			NR_027517.1	"strain ATCC 43078 16S ribosomal RNA, partial sequence"
gi_219878377	ncbi	Streptococcus_ratti			NR_025516.1	"strain ATCC 19645 16S ribosomal RNA, partial sequence"
gi_219878361	ncbi	Streptococcus_entericus			NR_025500.1	"strain CECT 5353 16S ribosomal RNA, partial sequence"
gi_219878314	ncbi	Streptococcus_gallinaceus			NR_025453.1	"strain CCUG 42692 16S ribosomal RNA, partial sequence"
gi_219857560	ncbi	Streptococcus_iniae			NR_025148.1	"strain ATCC 29178 16S ribosomal RNA, partial sequence"
gi_219857448	ncbi	Streptococcus_didelphis			NR_025036.1	"strain W94-11374-1 16S ribosomal RNA, partial sequence"
gi_219857386	ncbi	Streptococcus_orisratti			NR_024974.1	"strain A63 16S ribosomal RNA, partial sequence"
gi_219856815	ncbi	Streptococcus_porcinus			NR_024634.1	"strain 176 16S ribosomal RNA, partial sequence"
gi_219856814	ncbi	Streptococcus_canis			NR_024633.1	"strain STR T1 16S ribosomal RNA, partial sequence"
gi_219846879	ncbi	Streptococcus_ovis			NR_026471.1	"strain S369-98-1 16S ribosomal RNA, partial sequence"
gi_219846776	ncbi	Streptococcus_thoraltensis			NR_026368.1	"strain S69 16S ribosomal RNA, partial sequence"
gi_219846139	ncbi	Streptococcus_minor			NR_025729.1	"strain ON59 16S ribosomal RNA, partial sequence"
gi_219846040	ncbi	Streptococcus_marimammalium			NR_025630.1	"strain M54/01/1 16S ribosomal RNA, partial sequence"
gi_1269847384	ncbi	Streptococcus_anginosus			NR_041722.2	"SK52 = DSM 20563 16S ribosomal RNA, complete sequence"
gi_343201326	ncbi	Streptococcus_equinus			NR_042052.1	"ATCC 9812 16S ribosomal RNA, partial sequence"
gi_343200134	ncbi	Streptococcus_agalactiae			NR_040821.1	"ATCC 13813 strain JCM 5671 16S ribosomal RNA, partial sequence"
gi_310975072	ncbi	Streptococcus_australis			NR_036936.1	"strain AI-1 16S ribosomal RNA, partial sequence"
gi_219878470	ncbi	Streptococcus_equi			NR_025609.1	"subsp. ruminatorum CECT 5772 16S ribosomal RNA, partial sequence"
m54257_210914_210835/4587786/ccs	pacbio	1558	46	14957
m54257_210915_072622/4456783/ccs	pacbio	1068	49	6958
m54257_210914_041224/4195024/ccs	pacbio	1135	49	4177
m54257_210915_072622/11600428/ccs	pacbio	1068	60	2551
m54257_210414_133237/30409100/ccs	pacbio	uid_375649	21	2043
m54257_210913_175418/4194410/ccs	pacbio	1332	47	1626
m54257_210414_133237/11272553/ccs	pacbio	uid_375699	10	1410
m54257_210914_041224/4259993/ccs	pacbio	1135	55	1201
m54257_210914_210835/4981544/ccs	pacbio	1558	49	1158
m54257_210914_210835/29294790/ccs	pacbio	80	49	1043
m54257_210914_041224/4194723/ccs	pacbio	1135	60	1021
m54257_210914_041224/9699512/ccs	pacbio	1606	49	774
m54257_210914_210835/11272733/ccs	pacbio	1068	49	762
m54257_210913_175418/26017996/ccs	pacbio	1010	36	653
m54257_210915_072622/14484061/ccs	pacbio	1068	19	632
m54257_210414_133237/4194770/ccs	pacbio	uid_375712	26	618
m54257_210425_012457/4391463/ccs	pacbio	uid_375747	53	567
m54257_210914_210835/4916034/ccs	pacbio	1558	37	534
m54257_210414_133237/4391667/ccs	pacbio	uid_375733	16	515
m54257_210915_072622/68616779/ccs	pacbio	257	41	514
m54257_210914_041224/4391567/ccs	pacbio	916	32	493
m54257_210425_012457/4260792/ccs	pacbio	uid_375800	11	477
m54257_210425_012457/4850573/ccs	pacbio	uid_375766	43	474
m54257_210425_012457/11534433/ccs	pacbio	uid_375800	54	421
m54257_210414_133237/4195018/ccs	pacbio	uid_375716	20	414
m54257_210414_133237/4391460/ccs	pacbio	uid_375733	21	405
m54257_210914_041224/4522960/ccs	pacbio	1281	15	372
m54257_210425_012457/4194777/ccs	pacbio	uid_375739	21	331
m54257_210914_041224/4260086/ccs	pacbio	1135	20	319
m54257_210913_175418/4391135/ccs	pacbio	1313	36	315
m54257_210914_041224/4653614/ccs	pacbio	1135	46	301
m54257_210425_012457/12255862/ccs	pacbio	uid_375818	62	291
m54257_210914_041224/4522346/ccs	pacbio	916	13	285
m54257_210915_072622/31129702/ccs	pacbio	1068	46	279
m54257_210414_133237/4325869/ccs	pacbio	uid_375726	18	279
m54257_210914_210835/12714175/ccs	pacbio	1558	58	279
m54257_210425_012457/4456762/ccs	pacbio	uid_375794	16	276
m54257_210425_012457/4260235/ccs	pacbio	uid_375794	34	271
m54257_210914_041224/4325978/ccs	pacbio	1135	34	263
m54257_210915_072622/11535091/ccs	pacbio	1597	29	251
m54257_210425_012457/4325576/ccs	pacbio	uid_375794	57	239
m54257_210914_041224/16581022/ccs	pacbio	1135	16	215
m54257_210914_041224/4850297/ccs	pacbio	1135	63	214
m54257_210414_133237/4260253/ccs	pacbio	uid_375721	23	208
m54257_210914_210835/47383287/ccs	pacbio	2072	25	207
m54257_210914_041224/14615132/ccs	pacbio	1133	20	205
m54257_210914_210835/44630843/ccs	pacbio	1558	14	202
m54257_210914_041224/11469300/ccs	pacbio	1135	23	177
m54257_210914_041224/4784600/ccs	pacbio	1135	52	176
m54257_210914_041224/4522224/ccs	pacbio	1135	30	174
m54257_210425_012457/4260025/ccs	pacbio	uid_375816	16	173
m54257_210914_041224/22283174/ccs	pacbio	1135	36	172
m54257_210914_041224/18285204/ccs	pacbio	1135	26	172
m54257_210913_175418/4587773/ccs	pacbio	1973	23	166
m54257_210915_072622/13828783/ccs	pacbio	1068	64	164
m54257_210914_041224/54067687/ccs	pacbio	1135	38	158
m54257_210914_041224/18612816/ccs	pacbio	1135	12	156
m54257_210914_041224/4719571/ccs	pacbio	1135	58	153
m54257_210915_072622/20644097/ccs	pacbio	1068	9	151
m54257_210425_012457/4326031/ccs	pacbio	uid_375747	55	146
m54257_210425_012457/4457027/ccs	pacbio	uid_375800	21	144
m54257_210914_210835/43647910/ccs	pacbio	1558	66	134
m54257_210914_041224/17301791/ccs	pacbio	1135	71	130
m54257_210914_041224/4326027/ccs	pacbio	1135	51	126
m54257_210914_210835/23659360/ccs	pacbio	1068	51	109
m54257_210914_041224/4850050/ccs	pacbio	1928	57	107
m54257_210913_175418/22938241/ccs	pacbio	1740	10	105
m54257_210414_133237/4456884/ccs	pacbio	uid_375716	8	101
m54257_210915_072622/35782731/ccs	pacbio	1068	47	100
m54257_210915_072622/14287821/ccs	pacbio	1068	58	100
m54257_210425_012457/11862246/ccs	pacbio	uid_375813	33	99
m54257_210913_175418/24117382/ccs	pacbio	1281	46	98
m54257_210914_041224/15794743/ccs	pacbio	1135	50	97
m54257_210914_041224/34669290/ccs	pacbio	1135	20	97
m54257_210914_041224/11600574/ccs	pacbio	1135	20	92
m54257_210915_072622/4587832/ccs	pacbio	1068	26	91
m54257_210914_041224/4391587/ccs	pacbio	1135	37	91
m54257_210914_041224/29295572/ccs	pacbio	1148	57	90
m54257_210914_210835/21758745/ccs	pacbio	1558	38	88
m54257_210913_175418/4915848/ccs	pacbio	1332	41	86
m54257_210914_210835/4653429/ccs	pacbio	1435	32	82
m54257_210414_133237/11534535/ccs	pacbio	uid_375716	14	82
m54257_210913_175418/35914547/ccs	pacbio	1550	39	81
m54257_210425_012457/11403569/ccs	pacbio	uid_375816	18	81
m54257_210414_133237/4260730/ccs	pacbio	uid_375703	22	80
m54257_210913_175418/17957156/ccs	pacbio	1550	19	79
m54257_210914_041224/15860262/ccs	pacbio	1135	22	78
m54257_210914_041224/12649091/ccs	pacbio	1135	44	76
m54257_210913_175418/30671049/ccs	pacbio	1471	12	75
m54257_210425_012457/13763104/ccs	pacbio	uid_375800	23	75
m54257_210914_210835/4260186/ccs	pacbio	1327	32	75
m54257_210414_133237/11272730/ccs	pacbio	uid_375703	49	74
m54257_210914_210835/11796921/ccs	pacbio	1558	55	73
m54257_210425_012457/4784810/ccs	pacbio	uid_375757	58	72
m54257_210914_041224/13435759/ccs	pacbio	1135	39	72
m54257_210914_210835/11928526/ccs	pacbio	1243	68	71
m54257_210414_133237/12452527/ccs	pacbio	uid_375699	25	71
m54257_210914_041224/12255994/ccs	pacbio	1135	35	70
m54257_210914_041224/11731036/ccs	pacbio	1135	19	70
m54257_210915_072622/64226013/ccs	pacbio	257	22	70
m54257_210425_012457/11731878/ccs	pacbio	uid_375800	73	69
m54257_210914_210835/27722141/ccs	pacbio	1068	43	66
m54257_210425_012457/4849786/ccs	pacbio	uid_375747	37	64
m54257_210913_175418/4915305/ccs	pacbio	1740	48	64
m54257_210914_041224/12517743/ccs	pacbio	1135	35	64
m54257_210914_210835/30606032/ccs	pacbio	1558	29	62
m54257_210913_175418/45941702/ccs	pacbio	1550	24	62
m54257_210914_041224/4194466/ccs	pacbio	1135	62	62
m54257_210914_041224/4850168/ccs	pacbio	1135	20	62
m54257_210914_041224/16646386/ccs	pacbio	1135	21	61
m54257_210913_175418/11599970/ccs	pacbio	1332	50	61
m54257_210914_210835/13763107/ccs	pacbio	1435	20	60
m54257_210914_041224/30212423/ccs	pacbio	1139	12	59
m54257_210914_041224/18350513/ccs	pacbio	1135	25	58
m54257_210914_210835/36897183/ccs	pacbio	1558	24	58
m54257_210914_210835/12452324/ccs	pacbio	1447	10	56
m54257_210425_181849/5767429/ccs	pacbio	uid_375753	22	56
m54257_210913_175418/19989009/ccs	pacbio	1135	34	56
m54257_210425_012457/12124816/ccs	pacbio	uid_375805	13	56
m54257_210914_041224/19792195/ccs	pacbio	1135	31	55
m54257_210914_041224/16712222/ccs	pacbio	1135	23	54
m54257_210914_041224/63243222/ccs	pacbio	1135	52	54
m54257_210914_210835/4981168/ccs	pacbio	1435	13	54
m54257_210914_210835/47383226/ccs	pacbio	1447	31	54
m54257_210914_041224/8520013/ccs	pacbio	1074	20	53
m54257_210914_041224/14549767/ccs	pacbio	1313	39	52
m54257_210914_210835/19202160/ccs	pacbio	1702	16	51
m54257_210913_175418/15139277/ccs	pacbio	1262	36	51
m54257_210425_012457/12321418/ccs	pacbio	uid_375794	18	51
m54257_210913_175418/12583204/ccs	pacbio	1973	32	50
m54257_210914_041224/4653587/ccs	pacbio	1135	20	50
m54257_210425_012457/14614901/ccs	pacbio	uid_375779	13	49
m54257_210914_210835/11403621/ccs	pacbio	2054	53	49
m54257_210914_210835/32112883/ccs	pacbio	202	13	49
m54257_210425_012457/16253780/ccs	pacbio	uid_375747	18	48
m54257_210914_210835/12321706/ccs	pacbio	1746	62	48
m54257_210414_133237/4588473/ccs	pacbio	uid_375733	44	47
m54257_210414_133237/22938048/ccs	pacbio	uid_375699	55	45
m54257_210914_041224/13238420/ccs	pacbio	1135	33	45
m54257_210914_210835/17432992/ccs	pacbio	1435	41	45
m54257_210913_175418/12976919/ccs	pacbio	1740	15	45
m54257_210914_210835/18809617/ccs	pacbio	80	13	45
m54257_210914_041224/4915389/ccs	pacbio	1135	55	45
m54257_210414_133237/4588312/ccs	pacbio	uid_375716	65	45
m54257_210914_210835/47120476/ccs	pacbio	1327	17	45
m54257_210915_072622/23527692/ccs	pacbio	1099	35	44
m54257_210414_133237/12190176/ccs	pacbio	uid_375659	23	44
m54257_210913_175418/25625307/ccs	pacbio	1262	18	44
m54257_210913_175418/4915900/ccs	pacbio	1332	37	44
m54257_210914_041224/12386753/ccs	pacbio	916	27	44
m54257_210914_041224/4588008/ccs	pacbio	1135	16	44
m54257_210914_041224/14549572/ccs	pacbio	1135	52	44
m54257_210914_041224/14418612/ccs	pacbio	1135	63	43
m54257_210425_012457/11337829/ccs	pacbio	uid_375746	41	43
m54257_210914_041224/11469264/ccs	pacbio	1135	21	43
m54257_210914_041224/14680634/ccs	pacbio	1135	47	43
m54257_210914_210835/4195201/ccs	pacbio	1327	15	43
m54257_210914_210835/11993435/ccs	pacbio	1327	49	43
m54257_210915_072622/14418443/ccs	pacbio	11	48	42
m54257_210913_175418/4915636/ccs	pacbio	1973	26	42
m54257_210414_133237/15007984/ccs	pacbio	uid_375726	58	42
m54257_210915_072622/4981236/ccs	pacbio	1558	49	41
m54257_210914_210835/52822926/ccs	pacbio	80	19	40
m54257_210414_133237/13108192/ccs	pacbio	uid_375716	18	39
m54257_210914_210835/17433592/ccs	pacbio	2054	45	39
m54257_210914_041224/34537974/ccs	pacbio	1298	37	39
m54257_210425_012457/18219602/ccs	pacbio	uid_375747	13	38
m54257_210914_041224/38339477/ccs	pacbio	1135	59	37
m54257_210425_012457/12583192/ccs	pacbio	uid_375747	18	37
m54257_210913_175418/12583126/ccs	pacbio	1332	28	37
m54257_210914_210835/27460111/ccs	pacbio	1483	27	36
m54257_210425_012457/22217194/ccs	pacbio	uid_375800	42	36
m54257_210414_133237/11206796/ccs	pacbio	uid_375733	52	36
m54257_210425_012457/14091001/ccs	pacbio	uid_375743	23	35
m54257_210913_175418/37945699/ccs	pacbio	1305	33	35
m54257_210914_210835/17039634/ccs	pacbio	1746	41	35
m54257_210914_210835/15598376/ccs	pacbio	1068	23	35
m54257_210425_012457/11797347/ccs	pacbio	uid_375796	73	35
m54257_210425_012457/11600822/ccs	pacbio	uid_375791	57	34
m54257_210425_012457/13632220/ccs	pacbio	uid_375751	19	34
m54257_210914_041224/4391672/ccs	pacbio	160	19	34
m54257_210914_041224/35193522/ccs	pacbio	1135	13	34
m54257_210425_012457/12387060/ccs	pacbio	uid_375803	24	33
m54257_210914_210835/25756096/ccs	pacbio	1068	44	33
m54257_210414_133237/12779758/ccs	pacbio	uid_375659	10	33
m54257_210914_210835/17957030/ccs	pacbio	2054	39	33
m54257_210913_175418/13369559/ccs	pacbio	1550	38	33
m54257_210914_041224/41418936/ccs	pacbio	1135	49	33
m54257_210913_175418/23790455/ccs	pacbio	2252	37	33
m54257_210915_072622/72942519/ccs	pacbio	1068	18	33
m54257_210914_210835/21561728/ccs	pacbio	2314	28	33
m54257_210913_175418/30868011/ccs	pacbio	1313	27	33
m54257_210914_210835/42009053/ccs	pacbio	169	59	32
m54257_210425_012457/4654046/ccs	pacbio	uid_375790	36	32
m54257_210914_041224/11535241/ccs	pacbio	1928	70	32
m54257_210914_210835/15794281/ccs	pacbio	1435	39	32
m54257_210913_175418/67633876/ccs	pacbio	1740	9	32
m54257_210913_175418/18481624/ccs	pacbio	1313	13	32
m54257_210914_210835/22741891/ccs	pacbio	1068	56	32
m54257_210914_041224/4850498/ccs	pacbio	1135	52	32
m54257_210425_012457/17563814/ccs	pacbio	uid_375800	26	32
m54257_210425_012457/18809556/ccs	pacbio	uid_375753	18	31
m54257_210914_041224/4326046/ccs	pacbio	160	19	31
m54257_210914_041224/12321356/ccs	pacbio	1135	38	31
m54257_210914_210835/23659372/ccs	pacbio	1558	15	31
m54257_210914_041224/20513680/ccs	pacbio	1135	45	30
m54257_210914_041224/16973979/ccs	pacbio	1606	38	29
m54257_210425_012457/14090334/ccs	pacbio	uid_375800	48	29
m54257_210913_175418/25756105/ccs	pacbio	1262	34	29
m54257_210914_041224/16253663/ccs	pacbio	1135	33	29
m54257_210914_210835/12255656/ccs	pacbio	1746	54	29
m54257_210914_210835/4325607/ccs	pacbio	1435	65	29
m54257_210914_041224/19268532/ccs	pacbio	1606	71	29
m54257_210914_041224/15073787/ccs	pacbio	1135	33	29
m54257_210914_210835/20971590/ccs	pacbio	1558	19	28
m54257_210914_041224/12714908/ccs	pacbio	1135	47	28
m54257_210914_210835/69402990/ccs	pacbio	1243	45	28
m54257_210425_012457/23199991/ccs	pacbio	uid_375800	60	28
m54257_210414_133237/4194976/ccs	pacbio	uid_375733	59	28
m54257_210914_041224/16909057/ccs	pacbio	1135	21	28
m54257_210425_012457/14876928/ccs	pacbio	uid_375818	38	28
m54257_210914_041224/31392507/ccs	pacbio	1135	23	28
m54257_210425_012457/22413778/ccs	pacbio	uid_375791	17	28
m54257_210913_175418/11797168/ccs	pacbio	1313	22	27
m54257_210913_175418/21824479/ccs	pacbio	1162	23	27
m54257_210914_041224/12714248/ccs	pacbio	1135	39	27
m54257_210915_072622/14222310/ccs	pacbio	1068	51	27
m54257_210915_072622/5243775/ccs	pacbio	1068	13	27
m54257_210414_133237/15008388/ccs	pacbio	uid_375716	18	27
m54257_210914_210835/73007898/ccs	pacbio	1558	10	27
m54257_210913_175418/15008325/ccs	pacbio	1740	19	26
m54257_210914_041224/14811862/ccs	pacbio	1135	59	26
m54257_210914_041224/52363671/ccs	pacbio	1831	45	26
m54257_210913_175418/4326196/ccs	pacbio	1740	25	25
m54257_210425_012457/23397057/ccs	pacbio	uid_375747	47	25
m54257_210914_210835/38404414/ccs	pacbio	1447	40	25
m54257_210913_175418/39387322/ccs	pacbio	1313	29	25
m54257_210914_210835/22347988/ccs	pacbio	1068	26	25
m54257_210414_133237/12649346/ccs	pacbio	uid_375685	17	24
m54257_210914_041224/15926251/ccs	pacbio	1135	30	24
m54257_210914_210835/59834868/ccs	pacbio	80	16	24
m54257_210414_133237/4784276/ccs	pacbio	uid_375712	17	24
m54257_210414_133237/12845201/ccs	pacbio	uid_375733	22	24
m54257_210913_175418/48038273/ccs	pacbio	1606	29	24
m54257_210914_210835/4653940/ccs	pacbio	1558	64	23
m54257_210913_175418/14418227/ccs	pacbio	1740	35	23
m54257_210914_041224/5177892/ccs	pacbio	160	35	23
m54257_210915_072622/41747007/ccs	pacbio	1068	14	23
m54257_210425_012457/17236157/ccs	pacbio	uid_375747	24	23
m54257_210913_175418/16581329/ccs	pacbio	1479	19	23
m54257_210914_041224/15860455/ccs	pacbio	1135	40	23
m54257_210914_041224/7012725/ccs	pacbio	1010	56	22
m54257_210913_175418/30999303/ccs	pacbio	1225	16	22
m54257_210414_133237/13763253/ccs	pacbio	uid_375703	54	22
m54257_210914_041224/20447945/ccs	pacbio	1135	21	22
m54257_210414_133237/4719483/ccs	pacbio	uid_375726	27	22
m54257_210414_133237/19465083/ccs	pacbio	uid_375716	23	22
m54257_210425_012457/12058816/ccs	pacbio	uid_375766	56	22
m54257_210914_210835/50528956/ccs	pacbio	1447	48	22
m54257_210914_041224/20382403/ccs	pacbio	1135	22	22
m54257_210914_041224/13108084/ccs	pacbio	1135	41	22
m54257_210914_041224/12648759/ccs	pacbio	1135	13	22
m54257_210914_041224/36766037/ccs	pacbio	1135	59	21
m54257_210914_210835/4850167/ccs	pacbio	1746	67	21
m54257_210914_210835/27984649/ccs	pacbio	1068	22	21
m54257_210914_041224/4588118/ccs	pacbio	1135	56	21
m54257_210915_072622/5571388/ccs	pacbio	1068	31	21
m54257_210914_041224/12321623/ccs	pacbio	1135	62	21
m54257_210425_012457/11731740/ccs	pacbio	uid_375747	9	21
m54257_210914_041224/28442829/ccs	pacbio	160	38	21
m54257_210913_175418/38404521/ccs	pacbio	1471	22	21
m54257_210913_175418/13304643/ccs	pacbio	1332	22	21
m54257_210913_175418/22282461/ccs	pacbio	2282	41	21
m54257_210913_175418/43253869/ccs	pacbio	1414	40	21
m54257_210914_210835/12976401/ccs	pacbio	169	20	20
m54257_210414_133237/11928379/ccs	pacbio	uid_375733	43	20
m54257_210914_041224/56558327/ccs	pacbio	1135	22	20
m54257_210913_175418/11731238/ccs	pacbio	2363	33	20
m54257_210914_041224/19398808/ccs	pacbio	1135	37	20
m54257_210913_175418/21627716/ccs	pacbio	1740	22	20
m54257_210914_041224/13631707/ccs	pacbio	1135	14	19
m54257_210914_210835/16974151/ccs	pacbio	2054	51	19
m54257_210914_041224/14287096/ccs	pacbio	1135	17	19
m54257_210915_072622/5440354/ccs	pacbio	1068	32	19
m54257_210914_210835/12125053/ccs	pacbio	1435	63	19
m54257_210914_210835/52429131/ccs	pacbio	1558	16	19
m54257_210914_041224/13763062/ccs	pacbio	1135	47	19
m54257_210914_210835/38405070/ccs	pacbio	1263	17	19
m54257_210913_175418/65208437/ccs	pacbio	1262	23	19
m54257_210914_041224/41026344/ccs	pacbio	1928	18	19
m54257_210914_210835/47513753/ccs	pacbio	1558	15	19
m54257_210425_012457/21627838/ccs	pacbio	uid_375800	41	19
m54257_210915_072622/12779777/ccs	pacbio	1099	20	19
m54257_210914_210835/23200389/ccs	pacbio	1558	37	19
m54257_210914_210835/72745959/ccs	pacbio	1558	11	19
m54257_210913_175418/43647610/ccs	pacbio	1313	49	18
m54257_210914_041224/13370299/ccs	pacbio	1135	49	18
m54257_210425_012457/22676169/ccs	pacbio	uid_375739	61	18
m54257_210425_012457/22348442/ccs	pacbio	uid_375747	63	18
m54257_210425_012457/34079617/ccs	pacbio	uid_375766	22	18
m54257_210914_210835/12255363/ccs	pacbio	2054	24	18
m54257_210915_072622/13304829/ccs	pacbio	1068	41	18
m54257_210425_012457/26017952/ccs	pacbio	uid_375753	59	18
m54257_210414_133237/14090875/ccs	pacbio	uid_375716	51	18
m54257_210414_133237/13304207/ccs	pacbio	uid_375716	11	18
m54257_210914_041224/58589581/ccs	pacbio	160	46	18
m54257_210914_210835/33882551/ccs	pacbio	80	30	18
m54257_210915_072622/19267963/ccs	pacbio	1068	52	18
m54257_210914_210835/5767837/ccs	pacbio	1435	40	18
m54257_210914_041224/4784940/ccs	pacbio	1135	64	18
m54257_210915_072622/4784778/ccs	pacbio	1327	27	17
m54257_210913_175418/4522103/ccs	pacbio	1740	26	17
m54257_210425_012457/4522418/ccs	pacbio	uid_375800	30	17
m54257_210914_210835/15073923/ccs	pacbio	2054	44	17
m54257_210914_041224/20185507/ccs	pacbio	1281	19	17
m54257_210914_041224/15335929/ccs	pacbio	1135	50	17
m54257_210914_041224/6095741/ccs	pacbio	1135	23	17
m54257_210414_133237/22806758/ccs	pacbio	uid_375677	60	17
m54257_210914_041224/24510922/ccs	pacbio	1135	14	17
m54257_210425_012457/13172930/ccs	pacbio	uid_375766	24	17
m54257_210913_175418/20316990/ccs	pacbio	1010	37	17
m54257_210414_133237/11141652/ccs	pacbio	uid_375699	16	17
m54257_210913_175418/21693315/ccs	pacbio	1869	12	17
m54257_210914_041224/32375346/ccs	pacbio	1135	66	17
m54257_210425_012457/31982336/ccs	pacbio	uid_375800	66	17
m54257_210914_041224/4522817/ccs	pacbio	916	53	17
m54257_210414_133237/15532493/ccs	pacbio	uid_375733	55	17
m54257_210914_041224/11796693/ccs	pacbio	1135	44	16
m54257_210425_012457/22544511/ccs	pacbio	uid_375753	48	16
m54257_210414_133237/11600236/ccs	pacbio	uid_375703	42	16
m54257_210914_210835/21037832/ccs	pacbio	1558	22	16
m54257_210425_012457/5046661/ccs	pacbio	uid_375766	44	16
m54257_210414_133237/61932433/ccs	pacbio	uid_375699	11	16
m54257_210414_133237/11207494/ccs	pacbio	uid_375650	12	16
m54257_210914_041224/21627153/ccs	pacbio	1135	43	16
m54257_210913_175418/11534500/ccs	pacbio	1973	19	16
m54257_210915_072622/26542544/ccs	pacbio	1597	50	16
m54257_210914_041224/4784739/ccs	pacbio	1135	38	16
m54257_210914_210835/5767486/ccs	pacbio	1435	65	16
m54257_210914_041224/17302273/ccs	pacbio	1135	46	16
m54257_210914_041224/25034906/ccs	pacbio	1135	53	16
m54257_210425_181849/16647051/ccs	pacbio	uid_375791	64	16
m54257_210914_041224/19988601/ccs	pacbio	1135	40	16
m54257_210914_041224/13042457/ccs	pacbio	1281	20	16
m54257_210915_072622/15925881/ccs	pacbio	1068	40	16
m54257_210914_041224/17891874/ccs	pacbio	1135	19	16
m54257_210914_210835/14877664/ccs	pacbio	1447	24	16
m54257_210914_210835/50397613/ccs	pacbio	1558	30	15
m54257_210914_041224/18350778/ccs	pacbio	1135	50	15
m54257_210914_041224/18022523/ccs	pacbio	1135	62	15
m54257_210914_041224/37355615/ccs	pacbio	1135	53	15
m54257_210913_175418/17301739/ccs	pacbio	1313	17	15
m54257_210914_210835/4522299/ccs	pacbio	1327	56	15
m54257_210914_041224/18481784/ccs	pacbio	1135	36	15
m54257_210425_012457/16908939/ccs	pacbio	uid_375751	47	15
m54257_210913_175418/5833311/ccs	pacbio	1316	15	15
m54257_210914_210835/14222234/ccs	pacbio	1243	30	15
m54257_210914_041224/4588042/ccs	pacbio	3041	63	15
m54257_210914_041224/13238518/ccs	pacbio	916	33	15
m54257_210914_210835/69796275/ccs	pacbio	1558	14	15
m54257_210913_175418/54264231/ccs	pacbio	1313	16	15
m54257_210425_012457/11600784/ccs	pacbio	uid_375800	20	15
m54257_210914_041224/5439664/ccs	pacbio	1894	57	14
m54257_210914_041224/19989427/ccs	pacbio	1135	43	14
m54257_210414_133237/15007898/ccs	pacbio	uid_375721	45	14
m54257_210425_012457/20119916/ccs	pacbio	uid_375800	21	14
m54257_210913_175418/27591230/ccs	pacbio	1135	31	14
m54257_210914_041224/12517818/ccs	pacbio	1135	36	14
m54257_210913_175418/19006361/ccs	pacbio	1471	30	14
m54257_210425_012457/17892139/ccs	pacbio	uid_375800	11	14
m54257_210914_041224/58786403/ccs	pacbio	1298	66	14
m54257_210425_012457/7930382/ccs	pacbio	uid_375800	41	14
m54257_210425_012457/16843287/ccs	pacbio	uid_375785	40	14
m54257_210914_210835/11862291/ccs	pacbio	1558	24	14
m54257_210915_072622/4456954/ccs	pacbio	1597	65	14
m54257_210414_133237/4522189/ccs	pacbio	uid_375716	49	14
m54257_210914_210835/23331221/ccs	pacbio	169	43	14
m54257_210915_072622/6554325/ccs	pacbio	1099	54	14
m54257_210914_041224/5308821/ccs	pacbio	1135	22	14
m54257_210913_175418/15663732/ccs	pacbio	1471	36	14
m54257_210414_133237/11142113/ccs	pacbio	uid_375733	44	14
m54257_210414_133237/11665725/ccs	pacbio	uid_375727	36	14
m54257_210914_210835/36701146/ccs	pacbio	1653	53	14
m54257_210914_210835/11468873/ccs	pacbio	1435	24	13
m54257_210914_210835/12517962/ccs	pacbio	1327	51	13
m54257_210425_012457/18481370/ccs	pacbio	uid_375766	45	13
m54257_210914_041224/13435614/ccs	pacbio	1135	44	13
m54257_210914_041224/14024851/ccs	pacbio	1135	20	13
m54257_210913_175418/12911419/ccs	pacbio	1262	20	13
m54257_210914_041224/24248623/ccs	pacbio	1135	19	13
m54257_210915_072622/16908881/ccs	pacbio	1068	28	13
m54257_210914_041224/21365357/ccs	pacbio	1010	14	13
m54257_210414_133237/18350966/ccs	pacbio	uid_375733	43	13
m54257_210913_175418/5702614/ccs	pacbio	1740	25	13
m54257_210913_175418/55837379/ccs	pacbio	1740	22	13
m54257_210913_175418/52888158/ccs	pacbio	1740	20	13
m54257_210914_210835/16515935/ccs	pacbio	2054	63	13
m54257_210915_072622/41746660/ccs	pacbio	1068	48	13
m54257_210913_175418/4325866/ccs	pacbio	1479	16	13
m54257_210914_210835/13632469/ccs	pacbio	1327	13	13
m54257_210914_041224/16646740/ccs	pacbio	916	37	13
m54257_210913_175418/56886047/ccs	pacbio	1899	45	13
m54257_210914_041224/13107557/ccs	pacbio	160	62	13
m54257_210914_041224/14680619/ccs	pacbio	1135	29	13
m54257_210425_012457/28115708/ccs	pacbio	uid_375747	20	13
m54257_210915_072622/57344798/ccs	pacbio	1435	43	13
m54257_210915_072622/62587502/ccs	pacbio	1435	30	13
m54257_210914_041224/48628414/ccs	pacbio	1135	42	13
m54257_210414_133237/17957059/ccs	pacbio	uid_375703	26	13
m54257_210914_041224/26739340/ccs	pacbio	1135	33	13
m54257_210414_133237/13501407/ccs	pacbio	uid_375703	15	13
m54257_210914_210835/18154387/ccs	pacbio	1483	37	13
m54257_210914_041224/28836661/ccs	pacbio	1135	45	13
m54257_210914_210835/36111052/ccs	pacbio	90	61	12
m54257_210914_041224/16908400/ccs	pacbio	1135	12	12
m54257_210914_041224/13828572/ccs	pacbio	1135	48	12
m54257_210913_175418/62259942/ccs	pacbio	1740	12	12
m54257_210915_072622/24642464/ccs	pacbio	1068	38	12
m54257_210914_041224/22741987/ccs	pacbio	1135	46	12
m54257_210425_012457/15860528/ccs	pacbio	uid_375766	29	12
m54257_210913_175418/15663749/ccs	pacbio	1262	38	12
m54257_210913_175418/73925423/ccs	pacbio	2174	40	12
m54257_210913_175418/12255331/ccs	pacbio	1740	16	12
m54257_210414_133237/5243438/ccs	pacbio	uid_375716	23	12
m54257_210914_041224/13959849/ccs	pacbio	1135	38	12
m54257_210914_041224/13631897/ccs	pacbio	1148	16	12
m54257_210914_041224/24970199/ccs	pacbio	1135	30	12
m54257_210913_175418/13107673/ccs	pacbio	1332	34	12
m54257_210913_175418/42140526/ccs	pacbio	1740	35	12
m54257_210914_210835/21954823/ccs	pacbio	1796	41	12
m54257_210914_041224/41944016/ccs	pacbio	1162	38	12
m54257_210914_210835/21824260/ccs	pacbio	1435	50	12
m54257_210913_175418/13894466/ccs	pacbio	1332	17	12
m54257_210414_133237/16384867/ccs	pacbio	uid_375733	24	12
m54257_210913_175418/34668810/ccs	pacbio	1740	12	12
m54257_210914_041224/16843329/ccs	pacbio	1281	40	12
m54257_210414_133237/26935948/ccs	pacbio	uid_375733	27	12
m54257_210914_041224/4915898/ccs	pacbio	1135	58	12
m54257_210914_041224/17826560/ccs	pacbio	1135	42	12
m54257_210425_012457/28377248/ccs	pacbio	uid_375747	44	12
m54257_210414_133237/4522231/ccs	pacbio	uid_375712	17	12
m54257_210914_041224/18088705/ccs	pacbio	197	18	12
m54257_210425_012457/29950138/ccs	pacbio	uid_375796	55	12
m54257_210915_072622/29033297/ccs	pacbio	1068	14	12
m54257_210915_072622/15073767/ccs	pacbio	1447	66	12
m54257_210914_041224/11666129/ccs	pacbio	3045	58	12
m54257_210914_041224/55837168/ccs	pacbio	1135	52	12
m54257_210914_041224/5505567/ccs	pacbio	1135	44	12
m54257_210914_210835/20709802/ccs	pacbio	1435	18	11
m54257_210425_012457/25297677/ccs	pacbio	uid_375818	37	11
m54257_210914_041224/33882235/ccs	pacbio	1928	23	11
m54257_210425_012457/25100538/ccs	pacbio	uid_375739	29	11
m54257_210914_041224/14352880/ccs	pacbio	916	52	11
m54257_210914_210835/59114337/ccs	pacbio	1435	67	11
m54257_210914_041224/43843766/ccs	pacbio	1135	49	11
m54257_210914_041224/13566614/ccs	pacbio	1135	12	11
m54257_210914_041224/5243129/ccs	pacbio	1606	9	11
m54257_210914_041224/26476642/ccs	pacbio	1135	49	11
m54257_210914_041224/14811647/ccs	pacbio	916	51	11
m54257_210425_012457/5571024/ccs	pacbio	uid_375800	25	11
m54257_210913_175418/28705124/ccs	pacbio	1740	11	11
m54257_210913_175418/54526141/ccs	pacbio	1606	40	11
m54257_210913_175418/38338903/ccs	pacbio	1316	31	11
m54257_210425_012457/15008096/ccs	pacbio	uid_375819	60	11
m54257_210914_041224/11468969/ccs	pacbio	491	17	11
m54257_210914_041224/22086448/ccs	pacbio	1135	29	11
m54257_210914_041224/14681009/ccs	pacbio	1135	33	11
m54257_210914_041224/4326289/ccs	pacbio	1135	25	11
m54257_210425_012457/38535237/ccs	pacbio	uid_375819	32	11
m54257_210425_012457/18940052/ccs	pacbio	uid_375800	35	11
m54257_210913_175418/13566663/ccs	pacbio	1740	14	11
m54257_210425_012457/13238645/ccs	pacbio	uid_375794	32	11
m54257_210913_175418/61145827/ccs	pacbio	1471	36	11
m54257_210914_041224/57868610/ccs	pacbio	1135	61	11
m54257_210914_041224/8192326/ccs	pacbio	1010	41	11
m54257_210425_012457/13173362/ccs	pacbio	uid_375766	70	11
m54257_210425_012457/18481876/ccs	pacbio	uid_375747	34	11
m54257_210914_210835/52101855/ccs	pacbio	1558	26	11
m54257_210913_175418/16974439/ccs	pacbio	1471	37	11
m54257_210425_012457/4522905/ccs	pacbio	uid_375747	43	11
m54257_210914_041224/12059166/ccs	pacbio	1135	24	11
m54257_210914_041224/14615005/ccs	pacbio	1135	13	11
m54257_210915_072622/15008060/ccs	pacbio	1099	39	11
m54257_210915_072622/4719151/ccs	pacbio	8	15	11
m54257_210414_133237/16384115/ccs	pacbio	uid_375721	48	11
m54257_210414_133237/71959278/ccs	pacbio	uid_375644	13	10
m54257_210915_072622/11403716/ccs	pacbio	1068	14	10
m54257_210414_133237/12583895/ccs	pacbio	uid_375733	67	10
m54257_210914_041224/16122813/ccs	pacbio	1135	54	10
m54257_210414_133237/22479461/ccs	pacbio	uid_375733	54	10
m54257_210913_175418/11534499/ccs	pacbio	1479	26	10
m54257_210913_175418/26804509/ccs	pacbio	1262	33	10
m54257_210914_041224/72351833/ccs	pacbio	1135	35	10
m54257_210425_012457/35586538/ccs	pacbio	uid_375739	47	10
m54257_210414_133237/11141571/ccs	pacbio	uid_375716	26	10
m54257_210914_210835/28443466/ccs	pacbio	2054	40	10
m54257_210425_012457/16318893/ccs	pacbio	uid_375800	44	10
m54257_210425_012457/19661543/ccs	pacbio	uid_375800	35	10
m54257_210914_210835/31260772/ccs	pacbio	1435	34	10
m54257_210425_012457/17498978/ccs	pacbio	uid_375739	22	10
m54257_210914_210835/28246365/ccs	pacbio	1558	21	10
m54257_210913_175418/23659316/ccs	pacbio	1316	18	10
m54257_210414_133237/22741228/ccs	pacbio	uid_375733	51	10
m54257_210914_210835/73793741/ccs	pacbio	1597	54	10
m54257_210914_041224/20251613/ccs	pacbio	1135	21	10
m54257_210913_175418/38469941/ccs	pacbio	1740	42	10
m54257_210913_175418/33096453/ccs	pacbio	1740	42	10
m54257_210914_210835/38273564/ccs	pacbio	1327	13	10
m54257_210914_041224/14222208/ccs	pacbio	1135	56	10
m54257_210914_041224/42271725/ccs	pacbio	1135	40	10
m54257_210914_041224/12124306/ccs	pacbio	1135	36	10
m54257_210913_175418/22807525/ccs	pacbio	1332	13	10
m54257_210914_041224/15138980/ccs	pacbio	916	65	10
m54257_210425_012457/5439964/ccs	pacbio	uid_375753	34	10
m54257_210425_012457/19726437/ccs	pacbio	uid_375757	12	10
m54257_210914_041224/27394722/ccs	pacbio	1135	27	10
m54257_210915_072622/25166189/ccs	pacbio	1447	15	10
m54257_210913_175418/44171705/ccs	pacbio	2282	12	10
m54257_210414_133237/24642546/ccs	pacbio	uid_375647	16	10
m54257_210913_175418/64160628/ccs	pacbio	1550	52	10
m54257_210914_041224/12386815/ccs	pacbio	1135	26	10
m54257_210425_012457/32179147/ccs	pacbio	uid_375759	40	10
m54257_210913_175418/30212215/ccs	pacbio	1479	22	10
m54257_210914_041224/4915454/ccs	pacbio	1135	47	10
m54257_210425_012457/11993346/ccs	pacbio	uid_375747	24	10
m54257_210914_210835/65929597/ccs	pacbio	1327	38	10
m54257_210914_041224/19596191/ccs	pacbio	1135	47	10
m54257_210913_175418/12780123/ccs	pacbio	1740	14	9
m54257_210414_133237/15007926/ccs	pacbio	uid_375716	31	9
m54257_210914_041224/12190619/ccs	pacbio	160	55	9
m54257_210414_133237/21102864/ccs	pacbio	uid_375650	21	9
m54257_210914_041224/13304194/ccs	pacbio	1135	50	9
m54257_210414_133237/12124350/ccs	pacbio	uid_375716	36	9
m54257_210913_175418/15008679/ccs	pacbio	1262	17	9
m54257_210913_175418/27001066/ccs	pacbio	1262	32	9
m54257_210425_012457/27919206/ccs	pacbio	uid_375791	33	9
m54257_210914_041224/58327555/ccs	pacbio	160	19	9
m54257_210914_041224/38338963/ccs	pacbio	1135	38	9
m54257_210914_041224/46006398/ccs	pacbio	1135	40	9
m54257_210425_012457/26215227/ccs	pacbio	uid_375819	36	9
m54257_210414_133237/18219909/ccs	pacbio	uid_375703	67	9
m54257_210914_210835/16187926/ccs	pacbio	1597	26	9
m54257_210914_041224/7995693/ccs	pacbio	1135	33	9
m54257_210914_041224/7733936/ccs	pacbio	1973	46	9
m54257_210414_133237/4653264/ccs	pacbio	uid_375711	34	9
m54257_210914_041224/37879875/ccs	pacbio	1135	39	9
m54257_210913_175418/47514085/ccs	pacbio	1262	24	9
m54257_210914_041224/36438876/ccs	pacbio	2925	63	9
m54257_210914_041224/32374962/ccs	pacbio	1928	38	9
m54257_210914_041224/15073810/ccs	pacbio	1135	46	9
m54257_210915_072622/14418106/ccs	pacbio	1068	41	9
m54257_210914_041224/21430336/ccs	pacbio	1135	70	9
m54257_210914_041224/15663302/ccs	pacbio	1135	19	9
m54257_210913_175418/15990967/ccs	pacbio	1928	16	9
m54257_210914_041224/14156327/ccs	pacbio	1135	38	9
m54257_210914_041224/72286665/ccs	pacbio	916	21	9
m54257_210914_041224/12058725/ccs	pacbio	1135	60	9
m54257_210913_175418/73793797/ccs	pacbio	1740	36	9
m54257_210425_012457/21823994/ccs	pacbio	uid_375749	41	9
m54257_210914_041224/18416296/ccs	pacbio	1135	26	9
m54257_210414_133237/56033608/ccs	pacbio	uid_375664	11	9
m54257_210914_210835/31130498/ccs	pacbio	1483	70	9
m54257_210914_041224/25101105/ccs	pacbio	1135	49	9
m54257_210913_175418/15532589/ccs	pacbio	1332	35	9
m54257_210425_181849/70452005/ccs	pacbio	uid_375751	40	9
m54257_210914_041224/14287151/ccs	pacbio	1135	33	9
m54257_210414_133237/56230461/ccs	pacbio	uid_375664	31	9
m54257_210913_175418/6816385/ccs	pacbio	1074	23	9
m54257_210914_041224/24445240/ccs	pacbio	1135	47	9
m54257_210914_210835/28049673/ccs	pacbio	1435	55	9
m54257_210915_072622/13829119/ccs	pacbio	257	34	9
m54257_210913_175418/21037777/ccs	pacbio	1740	22	8
m54257_210913_175418/22741744/ccs	pacbio	1740	25	8
m54257_210913_175418/29361037/ccs	pacbio	2282	37	8
m54257_210913_175418/56230239/ccs	pacbio	1262	23	8
m54257_210425_012457/17368034/ccs	pacbio	uid_375757	40	8
m54257_210425_012457/18219454/ccs	pacbio	uid_375813	8	8
m54257_210425_012457/26870707/ccs	pacbio	uid_375818	24	8
m54257_210414_133237/51643164/ccs	pacbio	uid_375699	20	8
m54257_210913_175418/14418215/ccs	pacbio	1316	27	8
m54257_210915_072622/18350963/ccs	pacbio	1068	31	8
m54257_210414_133237/27853206/ccs	pacbio	uid_375721	48	8
m54257_210915_072622/12845453/ccs	pacbio	2072	55	8
m54257_210913_175418/63308550/ccs	pacbio	1471	38	8
m54257_210913_175418/43123157/ccs	pacbio	2252	12	8
m54257_210914_041224/11404020/ccs	pacbio	1135	39	8
m54257_210915_072622/62980997/ccs	pacbio	1068	19	8
m54257_210414_133237/23986703/ccs	pacbio	uid_375733	18	8
m54257_210914_210835/22610839/ccs	pacbio	80	26	8
m54257_210914_041224/20251321/ccs	pacbio	1135	44	8
m54257_210414_133237/17039519/ccs	pacbio	uid_375716	21	8
m54257_210914_210835/13829101/ccs	pacbio	1558	10	8
m54257_210414_133237/28639538/ccs	pacbio	uid_375659	21	8
m54257_210914_041224/29295236/ccs	pacbio	1135	17	8
m54257_210914_041224/25625105/ccs	pacbio	1135	26	8
m54257_210914_210835/57999615/ccs	pacbio	169	44	8
m54257_210914_041224/21954955/ccs	pacbio	1135	28	8
m54257_210914_041224/5309103/ccs	pacbio	1135	13	8
m54257_210425_012457/41878440/ccs	pacbio	uid_375743	15	8
m54257_210425_012457/14549353/ccs	pacbio	uid_375783	21	8
m54257_210914_210835/12583048/ccs	pacbio	1483	67	8
m54257_210914_210835/35783079/ccs	pacbio	1558	24	8
m54257_210913_175418/40239640/ccs	pacbio	1606	20	8
m54257_210913_175418/15335491/ccs	pacbio	1162	39	8
m54257_210914_041224/32374944/ccs	pacbio	1135	31	8
m54257_210414_133237/14876939/ccs	pacbio	uid_375733	34	8
m54257_210425_012457/11206851/ccs	pacbio	uid_375800	16	8
m54257_210914_041224/13108196/ccs	pacbio	1135	22	8
m54257_210913_175418/30737210/ccs	pacbio	1740	16	8
m54257_210914_041224/14287271/ccs	pacbio	1135	53	8
m54257_210914_210835/40108233/ccs	pacbio	1558	16	8
m54257_210425_012457/6619569/ccs	pacbio	uid_375803	46	8
m54257_210914_210835/22807485/ccs	pacbio	1243	55	8
m54257_210914_041224/11600551/ccs	pacbio	1135	11	8
m54257_210425_012457/26608079/ccs	pacbio	uid_375753	58	8
m54257_210425_012457/25101167/ccs	pacbio	uid_375743	21	8
m54257_210913_175418/35783527/ccs	pacbio	1135	37	8
m54257_210425_012457/53478355/ccs	pacbio	uid_375755	66	8
m54257_210913_175418/15139250/ccs	pacbio	1262	36	8
m54257_210914_041224/6685121/ccs	pacbio	3041	43	8
m54257_210914_041224/37225268/ccs	pacbio	1135	32	8
m54257_210914_041224/12124569/ccs	pacbio	1135	21	8
m54257_210425_012457/6160957/ccs	pacbio	uid_375800	65	8
m54257_210425_012457/36438650/ccs	pacbio	uid_375790	62	8
m54257_210913_175418/44696320/ccs	pacbio	1332	20	8
m54257_210914_210835/19136863/ccs	pacbio	1327	25	8
m54257_210914_041224/60752810/ccs	pacbio	1135	14	8
m54257_210913_175418/47055068/ccs	pacbio	1479	40	8
m54257_210914_210835/4981384/ccs	pacbio	1447	43	8
m54257_210913_175418/16188287/ccs	pacbio	1010	38	8
m54257_210914_210835/4719174/ccs	pacbio	2054	18	8
m54257_210914_041224/11403735/ccs	pacbio	1606	14	8
m54257_210914_041224/5177966/ccs	pacbio	1135	53	8
m54257_210414_133237/22347846/ccs	pacbio	uid_375711	7	8
m54257_210913_175418/58523751/ccs	pacbio	1313	28	8
m54257_210913_175418/21692848/ccs	pacbio	1740	25	8
m54257_210414_133237/21365754/ccs	pacbio	uid_375726	13	8
m54257_210914_041224/26804302/ccs	pacbio	1281	18	8
m54257_210414_133237/22085834/ccs	pacbio	uid_375733	54	8
m54257_210414_133237/13566216/ccs	pacbio	uid_375733	13	8
m54257_210913_175418/53936709/ccs	pacbio	1313	25	8
m54257_210915_072622/68747338/ccs	pacbio	1068	16	8
m54257_210914_041224/12976598/ccs	pacbio	1135	44	8
m54257_210913_175418/11338287/ccs	pacbio	1313	39	8
m54257_210914_210835/13828823/ccs	pacbio	1702	45	8
m54257_210914_210835/36503641/ccs	pacbio	1435	58	8
m54257_210913_175418/39519203/ccs	pacbio	1740	13	8
m54257_210425_012457/4588338/ccs	pacbio	uid_375766	22	8
m54257_210425_012457/15597680/ccs	pacbio	uid_375766	28	8
m54257_210914_210835/36175938/ccs	pacbio	1558	11	8
m54257_210914_041224/21037376/ccs	pacbio	1135	51	7
m54257_210425_181849/4653505/ccs	pacbio	uid_375766	49	7
m54257_210414_133237/60555546/ccs	pacbio	uid_375699	25	7
m54257_210914_041224/4981256/ccs	pacbio	1135	63	7
m54257_210915_072622/35652290/ccs	pacbio	1068	45	7
m54257_210914_210835/39256761/ccs	pacbio	122	20	7
m54257_210914_041224/12452035/ccs	pacbio	1135	19	7
m54257_210914_041224/13893904/ccs	pacbio	1135	71	7
m54257_210914_210835/37356260/ccs	pacbio	1435	40	7
m54257_210914_041224/20644435/ccs	pacbio	1135	49	7
m54257_210425_012457/19595897/ccs	pacbio	uid_375764	38	7
m54257_210914_041224/15139408/ccs	pacbio	1135	37	7
m54257_210914_041224/31391841/ccs	pacbio	1135	52	7
m54257_210914_210835/70713560/ccs	pacbio	1327	49	7
m54257_210914_041224/49939320/ccs	pacbio	1135	13	7
m54257_210913_175418/28836761/ccs	pacbio	1262	18	7
m54257_210914_041224/20906608/ccs	pacbio	160	41	7
m54257_210425_012457/16646493/ccs	pacbio	uid_375794	22	7
m54257_210914_041224/65274374/ccs	pacbio	916	9	7
m54257_210425_012457/22347959/ccs	pacbio	uid_375790	39	7
m54257_210914_210835/10551665/ccs	pacbio	1558	36	7
m54257_210914_210835/4522632/ccs	pacbio	1327	16	7
m54257_210414_133237/44367947/ccs	pacbio	uid_375716	67	7
m54257_210425_012457/28311712/ccs	pacbio	uid_375794	41	7
m54257_210913_175418/31327057/ccs	pacbio	1313	41	7
m54257_210914_210835/50529256/ccs	pacbio	80	61	7
m54257_210425_012457/13304549/ccs	pacbio	uid_375813	30	7
m54257_210914_210835/4981158/ccs	pacbio	2054	13	7
m54257_210913_175418/24052619/ccs	pacbio	1973	41	7
m54257_210914_041224/34014173/ccs	pacbio	1281	19	7
m54257_210913_175418/34472816/ccs	pacbio	1313	34	7
m54257_210425_181849/24642160/ccs	pacbio	uid_375752	20	7
m54257_210914_210835/28312465/ccs	pacbio	80	65	7
m54257_210914_210835/20841071/ccs	pacbio	1483	21	7
m54257_210425_181849/23528277/ccs	pacbio	uid_375739	35	7
m54257_210913_175418/56296231/ccs	pacbio	1471	16	7
m54257_210913_175418/54788443/ccs	pacbio	1135	21	7
m54257_210414_133237/23003459/ccs	pacbio	uid_375716	19	7
m54257_210914_041224/19464716/ccs	pacbio	160	32	7
m54257_210914_210835/43843874/ccs	pacbio	1068	51	7
m54257_210915_072622/18875217/ccs	pacbio	8	14	7
m54257_210914_041224/12190537/ccs	pacbio	1135	66	7
m54257_210914_210835/40436445/ccs	pacbio	1327	16	7
m54257_210425_012457/21038026/ccs	pacbio	uid_375747	72	7
m54257_210914_041224/15270414/ccs	pacbio	1135	13	7
m54257_210425_012457/13435536/ccs	pacbio	uid_375800	15	7
m54257_210914_041224/62980800/ccs	pacbio	1135	50	7
m54257_210914_041224/13501235/ccs	pacbio	1135	39	7
m54257_210913_175418/31850883/ccs	pacbio	1332	21	7
m54257_210414_133237/20775049/ccs	pacbio	uid_375726	28	7
m54257_210914_210835/15860258/ccs	pacbio	1435	46	7
m54257_210414_133237/71238552/ccs	pacbio	uid_375664	18	7
m54257_210915_072622/31785329/ccs	pacbio	1068	18	7
m54257_210913_175418/15532510/ccs	pacbio	1471	42	7
m54257_210913_175418/21233973/ccs	pacbio	1225	23	7
m54257_210425_012457/55509877/ccs	pacbio	uid_375753	22	7
m54257_210913_175418/10485894/ccs	pacbio	1479	42	7
m54257_210913_175418/6685089/ccs	pacbio	1010	35	7
m54257_210425_012457/15860400/ccs	pacbio	uid_375766	36	7
m54257_210915_072622/5177923/ccs	pacbio	1099	22	7
m54257_210913_175418/19923715/ccs	pacbio	1740	23	7
m54257_210914_041224/29622570/ccs	pacbio	1135	59	7
m54257_210913_175418/45482359/ccs	pacbio	1880	14	7
m54257_210915_072622/52232548/ccs	pacbio	123	66	7
m54257_210425_012457/28967907/ccs	pacbio	uid_375816	61	7
m54257_210914_041224/27656930/ccs	pacbio	1135	16	7
m54257_210914_041224/14549460/ccs	pacbio	1135	25	7
m54257_210914_041224/33817189/ccs	pacbio	1135	49	7
m54257_210914_041224/28509017/ccs	pacbio	1135	34	7
m54257_210414_133237/17236054/ccs	pacbio	uid_375716	19	7
m54257_210914_041224/28836055/ccs	pacbio	1135	35	7
m54257_210425_012457/19202836/ccs	pacbio	uid_375819	14	7
m54257_210914_041224/27656903/ccs	pacbio	1135	12	7
m54257_210913_175418/36963295/ccs	pacbio	1740	28	7
m54257_210914_041224/5505994/ccs	pacbio	1135	53	7
m54257_210913_175418/45613297/ccs	pacbio	1332	34	7
m54257_210914_041224/22872494/ccs	pacbio	1135	37	7
m54257_210914_041224/24838664/ccs	pacbio	1135	29	7
m54257_210414_133237/23987186/ccs	pacbio	uid_375716	53	7
m54257_210425_012457/62193966/ccs	pacbio	uid_375794	45	7
m54257_210414_133237/22806699/ccs	pacbio	uid_375716	39	7
m54257_210914_041224/8126857/ccs	pacbio	1135	64	7
m54257_210425_012457/31064412/ccs	pacbio	uid_375747	19	7
m54257_210914_041224/5636932/ccs	pacbio	1135	51	7
m54257_210914_041224/19530206/ccs	pacbio	1135	25	7
m54257_210914_041224/25100636/ccs	pacbio	1135	16	7
m54257_210914_041224/27328601/ccs	pacbio	1135	22	7
m54257_210914_210835/43319928/ccs	pacbio	711	37	7
m54257_210414_133237/20971731/ccs	pacbio	uid_375733	42	7
m54257_210913_175418/29425896/ccs	pacbio	1313	30	7
m54257_210425_012457/10879616/ccs	pacbio	uid_375747	14	7
m54257_210414_133237/20906812/ccs	pacbio	uid_375733	52	7
m54257_210425_012457/15008197/ccs	pacbio	uid_375757	29	7
m54257_210425_012457/55902681/ccs	pacbio	uid_375747	27	7
m54257_210425_012457/48300532/ccs	pacbio	uid_375794	61	7
m54257_210414_133237/11207422/ccs	pacbio	uid_375716	34	7
m54257_210414_133237/25100862/ccs	pacbio	uid_375733	36	7
m54257_210414_133237/24707591/ccs	pacbio	uid_375732	21	7
m54257_210425_012457/30409670/ccs	pacbio	uid_375747	9	7
m54257_210914_041224/7668451/ccs	pacbio	1135	63	7
m54257_210913_175418/7537313/ccs	pacbio	1316	34	6
m54257_210914_210835/46072680/ccs	pacbio	1558	13	6
m54257_210913_175418/39846574/ccs	pacbio	1880	18	6
m54257_210914_041224/23003693/ccs	pacbio	1135	51	6
m54257_210414_133237/23069674/ccs	pacbio	uid_375733	30	6
m54257_210915_072622/24511110/ccs	pacbio	1068	22	6
m54257_210914_041224/70517475/ccs	pacbio	1928	18	6
m54257_210913_175418/18481904/ccs	pacbio	1313	17	6
m54257_210914_210835/37028279/ccs	pacbio	2875	12	6
m54257_210914_041224/22282560/ccs	pacbio	2398	48	6
m54257_210414_133237/20840667/ccs	pacbio	uid_375703	13	6
m54257_210414_133237/19268344/ccs	pacbio	uid_375654	30	6
m54257_210914_041224/6226388/ccs	pacbio	1135	26	6
m54257_210914_041224/38994499/ccs	pacbio	1135	22	6
m54257_210914_041224/27656433/ccs	pacbio	1135	27	6
m54257_210414_133237/23920755/ccs	pacbio	uid_375716	12	6
m54257_210914_041224/38469703/ccs	pacbio	1135	39	6
m54257_210914_041224/6030043/ccs	pacbio	1135	24	6
m54257_210425_012457/21430413/ccs	pacbio	uid_375800	14	6
m54257_210914_041224/29557362/ccs	pacbio	1135	19	6
m54257_210914_210835/13239106/ccs	pacbio	1483	45	6
m54257_210914_041224/11600752/ccs	pacbio	1135	52	6
m54257_210913_175418/37159669/ccs	pacbio	1332	22	6
m54257_210914_210835/17760930/ccs	pacbio	1068	55	6
m54257_210913_175418/10223739/ccs	pacbio	1313	25	6
m54257_210913_175418/52364037/ccs	pacbio	1740	19	6
m54257_210914_041224/15926147/ccs	pacbio	1074	34	6
m54257_210913_175418/25560017/ccs	pacbio	1740	20	6
m54257_210425_012457/36700766/ccs	pacbio	uid_375739	34	6
m54257_210414_133237/14614788/ccs	pacbio	uid_375712	58	6
m54257_210414_133237/20447309/ccs	pacbio	uid_375643	50	6
m54257_210425_012457/57934718/ccs	pacbio	uid_375743	57	6
m54257_210913_175418/18285349/ccs	pacbio	1973	15	6
m54257_210915_072622/11993154/ccs	pacbio	1068	14	6
m54257_210914_210835/25822069/ccs	pacbio	849	62	6
m54257_210914_041224/11600554/ccs	pacbio	1135	28	6
m54257_210914_210835/18022861/ccs	pacbio	169	50	6
m54257_210913_175418/28573833/ccs	pacbio	1740	11	6
m54257_210914_210835/13172899/ccs	pacbio	1483	65	6
m54257_210915_072622/24773502/ccs	pacbio	1068	28	6
m54257_210425_012457/43909377/ccs	pacbio	uid_375794	20	6
m54257_210913_175418/49807763/ccs	pacbio	1471	39	6
m54257_210915_072622/25362759/ccs	pacbio	1068	12	6
m54257_210414_133237/20971589/ccs	pacbio	uid_375703	9	6
m54257_210913_175418/40371075/ccs	pacbio	1880	33	6
m54257_210914_041224/35651775/ccs	pacbio	1135	20	6
m54257_210914_210835/27263854/ccs	pacbio	80	17	6
m54257_210914_210835/57082188/ccs	pacbio	1558	27	6
m54257_210425_012457/31130385/ccs	pacbio	uid_375790	44	6
m54257_210914_041224/11534546/ccs	pacbio	1135	14	6
m54257_210425_012457/15532370/ccs	pacbio	uid_375803	43	6
m54257_210425_012457/11207624/ccs	pacbio	uid_375753	27	6
m54257_210914_210835/19071647/ccs	pacbio	1327	12	6
m54257_210425_012457/22217451/ccs	pacbio	uid_375800	17	6
m54257_210425_012457/21758787/ccs	pacbio	uid_375739	76	6
m54257_210914_041224/31195574/ccs	pacbio	1135	35	6
m54257_210915_072622/17891994/ccs	pacbio	1558	29	6
m54257_210425_012457/17826640/ccs	pacbio	uid_375791	19	6
m54257_210914_041224/40436365/ccs	pacbio	1135	54	6
m54257_210914_041224/45941336/ccs	pacbio	1135	39	6
m54257_210913_175418/38404185/ccs	pacbio	2282	51	6
m54257_210425_012457/4784387/ccs	pacbio	uid_375796	11	6
m54257_210913_175418/18088400/ccs	pacbio	1606	12	6
m54257_210914_210835/18023078/ccs	pacbio	1483	26	6
m54257_210425_012457/12517580/ccs	pacbio	uid_375757	9	6
m54257_210913_175418/65012552/ccs	pacbio	1740	35	6
m54257_210914_041224/44368209/ccs	pacbio	1135	35	6
m54257_210913_175418/42533398/ccs	pacbio	1740	21	6
m54257_210913_175418/5046360/ccs	pacbio	1698	25	6
m54257_210914_041224/24445884/ccs	pacbio	1135	59	6
m54257_210425_012457/12386774/ccs	pacbio	uid_375755	60	6
m54257_210914_041224/48825166/ccs	pacbio	1135	56	6
m54257_210913_175418/68223747/ccs	pacbio	1332	42	6
m54257_210414_133237/22151364/ccs	pacbio	uid_375712	40	6
m54257_210914_041224/5898540/ccs	pacbio	1135	53	6
m54257_210914_041224/21234332/ccs	pacbio	1135	17	6
m54257_210914_041224/45679514/ccs	pacbio	1135	36	6
m54257_210914_041224/5440104/ccs	pacbio	1281	24	6
m54257_210913_175418/61145933/ccs	pacbio	1010	42	6
m54257_210913_175418/47972776/ccs	pacbio	1479	21	6
m54257_210914_210835/65012072/ccs	pacbio	1263	14	6
m54257_210425_012457/14483815/ccs	pacbio	uid_375743	21	6
m54257_210913_175418/19267721/ccs	pacbio	1186	24	6
m54257_210914_041224/17236060/ccs	pacbio	1135	61	6
m54257_210914_041224/5177763/ccs	pacbio	1135	24	6
m54257_210914_041224/19464663/ccs	pacbio	1135	30	6
m54257_210425_012457/28574208/ccs	pacbio	uid_375747	16	6
m54257_210913_175418/42795116/ccs	pacbio	1332	32	6
m54257_210914_210835/34210408/ccs	pacbio	1483	42	6
m54257_210414_133237/28115215/ccs	pacbio	uid_375712	16	6
m54257_210914_210835/14221868/ccs	pacbio	1435	34	6
m54257_210914_041224/36504268/ccs	pacbio	1135	11	6
m54257_210914_041224/11731663/ccs	pacbio	1135	40	6
m54257_210414_133237/35979691/ccs	pacbio	uid_375716	51	6
m54257_210913_175418/52035857/ccs	pacbio	1740	29	6
m54257_210914_210835/38273583/ccs	pacbio	169	44	6
m54257_210425_012457/15532466/ccs	pacbio	uid_375791	56	6
m54257_210913_175418/12452687/ccs	pacbio	1479	35	6
m54257_210914_041224/17630151/ccs	pacbio	1135	25	6
m54257_210914_041224/34341075/ccs	pacbio	491	37	6
m54257_210414_133237/14615185/ccs	pacbio	uid_375662	33	6
m54257_210914_041224/42075126/ccs	pacbio	1135	61	6
m54257_210914_210835/22479000/ccs	pacbio	169	56	6
m54257_210914_041224/13041786/ccs	pacbio	160	37	6
m54257_210425_012457/46793693/ccs	pacbio	uid_375791	70	6
m54257_210914_210835/46990158/ccs	pacbio	1558	30	6
m54257_210414_133237/26280694/ccs	pacbio	uid_375662	18	6
m54257_210914_041224/46793345/ccs	pacbio	1135	36	6
m54257_210414_133237/55051185/ccs	pacbio	uid_375716	11	6
m54257_210914_041224/18481601/ccs	pacbio	1135	54	6
m54257_210425_012457/59310325/ccs	pacbio	uid_375747	41	6
m54257_210913_175418/45679362/ccs	pacbio	1880	13	6
m54257_210914_041224/64094844/ccs	pacbio	1332	21	6
m54257_210914_210835/21169065/ccs	pacbio	169	22	6
m54257_210914_041224/52101825/ccs	pacbio	1135	36	6
m54257_210425_012457/31130405/ccs	pacbio	uid_375750	19	6
m54257_210914_041224/71959351/ccs	pacbio	1135	16	6
m54257_210913_175418/19137416/ccs	pacbio	1313	24	6
m54257_210414_133237/14091217/ccs	pacbio	uid_375733	22	6
m54257_210913_175418/23593322/ccs	pacbio	1332	39	6
m54257_210915_072622/26083986/ccs	pacbio	257	51	6
m54257_210914_041224/36110993/ccs	pacbio	1135	23	6
m54257_210425_181849/35979425/ccs	pacbio	uid_375747	26	6
m54257_210913_175418/24772880/ccs	pacbio	1316	29	6
m54257_210913_175418/17629613/ccs	pacbio	1880	16	6
m54257_210914_210835/20251147/ccs	pacbio	80	20	6
m54257_210425_012457/16908994/ccs	pacbio	uid_375794	45	6
m54257_210414_133237/22741972/ccs	pacbio	uid_375664	12	6
m54257_210914_210835/14156224/ccs	pacbio	80	45	6
m54257_210914_210835/17564188/ccs	pacbio	169	47	6